"","Timestamp","Plant.ID","Range","Location","Latitude","Longitude","Height","width","branchno","lavg","wavg","areaavg","leaf5tagged","Herbivory","fruitno","Fruit_size_avg","EFNLB_raw","EFNS_raw","EFNL_raw","leaves_in_branch","Phenology","Morphology","EFNLB","EFNS","EFNL","pherb","seedweight","number.of.seeds","elaiosome.weight","number.of.elaiosomes","ratio","Remarks","average_abundance","Area_Leafbase","Area_Petiole","Vol_Leafbase","Vol_Petiole","long_centroid","lat_centroid","urb"
"1","10/04/2022 09:04:20","KO05","Int","Koradi",21.2507,79.08317,"133",7.5,9,6.12,2.26,13.864,"","yyyyyyyyyy",6,11.46666667,8,12,17,8,"flfr","Green leaves, spiky fruits",1,1.5,2.125,1,NA,NA,NA,NA,NA,NA,0,3.745,2.828,1.591705,1.539,79.0837385700643,21.2502364138223,-0.5959
"2","10/04/2022 09:16:22","KO06","Int","Koradi",21.25082,79.08318,"160",6.7,12,6.6,2.75,18.375,"","yyyyynynyy",0,NA,6,9,7,6,"v","Green leaves ",1,1.5,1.166666667,0.8,NA,NA,NA,NA,NA,NA,1.333333333,NA,NA,NA,NA,79.0837385700643,21.2502364138223,-0.5959
"3","10/04/2022 09:33:49","KO07","Int","Koradi",21.25179,79.08319,"121",9,5,11.62,4.32,51.334,"","yyyyyyyyyn",NA,NA,5,8,10,5,"fl","Green leaves",1,1.6,2,0.9,NA,NA,NA,NA,NA,NA,3.283333333,8.564,NA,2.822947,NA,79.0837385700643,21.2502364138223,-0.5959
"4","16/04/2022 07:50:41","GW01","Int","Gwalior",26.2285,78.2607,"Calibrated",17.5,18,11.98,4.02,51.996,"","nynynynyyn",200,13.63,6,6,1,5,"fr","Green spiky",1.2,1.2,0.2,0.5,0.148,10,0.006,10,0.040540541,"",1,NA,NA,NA,NA,78.260591998287,26.2286099861999,-0.2998
"5","16/04/2022 08:20:30","GW02","Int","Gwalior",26.2288,78.2607,"125.4",10.1,8,13.96,6.3,91.466,"","yyynyyyyyy",43,15.21,5,2,2,6,"flfr","Spiky and smooth, green",0.833333333,0.333333333,0.333333333,0.9,NA,NA,NA,NA,NA,NA,0,NA,NA,NA,NA,78.260591998287,26.2286099861999,-0.2998
"6","16/04/2022 08:30:22","GW03","Int","Gwalior",26.2288,78.2607,"188",9,NA,13.48,6.08,86.102,"","yyynyynyyn",24,15.49,4,24,1,4,"fr","Smooth, green",1,6,0.25,0.7,NA,NA,NA,NA,NA,NA,0,NA,NA,NA,NA,78.260591998287,26.2286099861999,-0.2998
"7","16/04/2022 08:41:29","GW04","Int","Gwalior",26.2288,78.26072,"158",7.2,4,9.82,4.44,43.858,"","nnynnnyyny",35,13.85,5,4,0,5,"fr","Smooth, green",1,0.8,0,0.4,NA,NA,NA,NA,NA,NA,0,NA,NA,NA,NA,78.260591998287,26.2286099861999,-0.2998
"8","16/04/2022 09:05:35","GW05","Int","Gwalior",26.229,78.2606,"167",7,45,17.06,7.72,131.97,"","yyyyyyyyyy",45,17,9,3,1,9,"flfr","Spiky, green",1,0.333333333,0.111111111,1,NA,NA,NA,NA,NA,NA,0,NA,NA,NA,NA,78.260591998287,26.2286099861999,-0.2998
"9","16/04/2022 09:28:01","GW06","Int","Gwalior",26.229,78.2607,"Calibrated",8,2,10.1,4.06,46.846,"","nnyyyyyyyy",29,15.18,7,0,3,7,"fr","Spiky and green",1,0,0.428571429,0.8,NA,NA,NA,NA,NA,NA,0,3.041,NA,0.791059,NA,78.260591998287,26.2286099861999,-0.2998
"10","16/04/2022 11:52:58","GW07","Int","Gwalior",26.2291,78.2607,"Calibrated",7.5,2,12.58,5.32,78.952,"","yyyyyyyyyy",41,16.12,4,0,0,4,"flfr","Green spiky",1,0,0,1,0.146,10,0.006,10,0.04109589,"",0,NA,NA,NA,NA,78.260591998287,26.2286099861999,-0.2998
"11","16/04/2022 12:07:37","GW08","Int","Gwalior",26.2291,78.2608,"154",7,0,22.6,9.333333333,211.18,"","yyyyyyyyyy",0,NA,6,8,2,7,"v","Green",0.857142857,1.142857143,0.285714286,1,NA,NA,NA,NA,NA,NA,0,NA,NA,NA,NA,78.260591998287,26.2286099861999,-0.2998
"12","16/04/2022 12:22:28","GW09","Int","Gwalior",26.2291,78.2608,"158",6.5,0,13.88,5.96,88.036,"","yyyyynyyyy",4,15.35,4,0,0,4,"fr","Green, spiky",1,0,0,0.9,NA,NA,NA,NA,NA,NA,0,NA,NA,NA,NA,78.260591998287,26.2286099861999,-0.2998
"13","16/04/2022 12:46:17","GW10","Int","Gwalior",26.2291,78.2608,"208",9,1,13.92,5.82,92.306,"","yyyyyyyyyy",7,16.25,3,3,0,3,"fr","Green, spiky",1,1,0,1,0.193333333,3,0.01,3,0.051724138,"",0,NA,NA,NA,NA,78.260591998287,26.2286099861999,-0.2998
"14","16/04/2022 17:53:08","GW11","Int","Gwalior",26.228,78.2603,"Calibrated",12,NA,9.6,3.62,35.98,"","nnyyynyyyn",31,14.84,8,7,5,7,"fr","Green spiky and smooth",1.142857143,1,0.714285714,0.6,NA,NA,NA,NA,NA,NA,0,NA,NA,NA,NA,78.260591998287,26.2286099861999,-0.2998
"15","17/04/2022 08:14:36","GW12","Int","Gwalior",26.228,78.2603,"Calibrated",14.5,5,8.76,3.48,31.794,"","ynnynynnyy",19,14.31,4,1,0,4,"flfr","Spiky, smooth, green",1,0.25,0,0.5,NA,NA,NA,NA,NA,NA,0,NA,NA,NA,NA,78.260591998287,26.2286099861999,-0.2998
"16","17/04/2022 08:27:14","GW13","Int","Gwalior",26.2279,78.2603,"252",8.7,5,11.2,4.52,54.618,"","nyyyyynyny",12,15.2,5,2,0,4,"fr","Green, spiky, smooth",1.25,0.5,0,0.7,NA,NA,NA,NA,NA,NA,1,NA,NA,NA,NA,78.260591998287,26.2286099861999,-0.2998
"17","17/04/2022 08:48:53","GW14","Int","Gwalior",26.2279,78.2604,"144",8,3,11.76,5.1,61.2,"","nnyyynnyyn",9,14.14444444,9,4,0,8,"fr","Green spiky",1.125,0.5,0,0.5,0.13,2,0.005,2,0.038461538,"",0,NA,NA,NA,NA,78.260591998287,26.2286099861999,-0.2998
"18","26/04/2022 09:04:53","KA01","Int","Kanyakumari",8.0837,77.5224,"120",8.5,5,15.14,4.24,65.338,"","nnnnnyynny",81,15.72,7,4,10,4,"fl","Green, red leaves and red stems",1.75,1,2.5,0.3,0.166,9,0.008888889,9,0.053547524,"",7.851282051,8.21166666666667,4.7615,NA,NA,77.5227442855748,8.08393713444485,-2.815
"19","26/04/2022 09:15:26","KA02","Int","Kanyakumari",8.08372,77.52252,"158",25.3,7,14.98,4.68,73.032,"","nynnnynnyy",144,15.12,4,3,9,4,"flfr","Green and red leaves spiky fruit",1,0.75,2.25,0.4,0.173,10,0.01,10,0.057803468,"",15.46481481,NA,NA,NA,NA,77.5227442855748,8.08393713444485,-2.815
"20","26/04/2022 09:28:44","KA03","Int","Kanyakumari",8.08381,77.52252,"130",11.8,3,11.14,3.36,38.89,"","ynnnyynnnn",34,14.79,6,5,19,6,"fr","Green leaves, green stem, spiky fruits",1,0.833333333,3.166666667,0.3,0.353333333,3,0.016666667,3,0.047169812,"",16.72916667,4.74633333333333,4.218,NA,NA,77.5227442855748,8.08393713444485,-2.815
"21","26/04/2022 09:42:52","KA04","Int","Kanyakumari",8.08388,77.52255,"128",18,4,9.5,3.12,30.218,"","nnnnynnnyn",17,15.14,5,6,11,5,"fr","Green leaves, green stem, spiky",1,1.2,2.2,0.2,0.203,10,0.009,10,0.044334975,"",10.39166667,4.278,2.56933333333333,NA,NA,77.5227442855748,8.08393713444485,-2.815
"22","26/04/2022 09:52:19","KA05","Int","Kanyakumari",8.08393,77.52259,"147",24,8,14.46,4.64,68.092,"","nnnnyyyyyy",76,15.11,6,4,2,6,"flfr","Green leaves and red leaves and red stem and spiky fruit",1,0.666666667,0.333333333,0.6,0.174,10,0.011,10,0.063218391,"",7.166666667,6.38766666666667,4.21633333333333,NA,NA,77.5227442855748,8.08393713444485,-2.815
"23","28/04/2022 08:13:59","KA06","Int","Kanyakumari",8.08404,77.5225,"118",13,5,13.74,4.16,58.568,"","yyyynyyyyny",111,14.83,6,3,10,5,"flfr","Green and red leaves, Spiny fruit, red stem",1.2,0.6,2,0.8,0.165,6,0.008333333,6,0.050505048,"",10.88518519,8.1065,4.9185,NA,NA,77.5227442855748,8.08393713444485,-2.815
"24","28/04/2022 08:22:03","KA07","Int","Kanyakumari",8.0841,77.5226,"115",6,0,11.48,4.1,47.88,"","yyyyyyyyyyy",0,NA,6,6,4,6,"fl","Green and red leaves, red stem, spiny fruit",1,1,0.666666667,1,NA,NA,NA,NA,NA,NA,5.445454545,9.649,NA,NA,NA,77.5227442855748,8.08393713444485,-2.815
"25","28/04/2022 08:46:11","KA08","Int","Kanyakumari",8.0841,77.5227,"158",9.5,2,15.38,4.74,73.41,"","yyynyyyyyyy",26,15.22,6,2,6,5,"fr","Green, red leaves, red stem, spiky fruit",1.2,0.4,1.2,0.9,0.175,8,0.01125,8,0.064285714,"",6.143333333,8.584,NA,NA,NA,77.5227442855748,8.08393713444485,-2.815
"26","28/04/2022 08:52:58","KA09","Int","Kanyakumari",8.08416,77.5229,"134",9,3,12.12,3.3,40.892,"","yyyyyynyyyy",38,15.05,5,1,4,5,"flfr","Red stems, green and red leaves, spiky fruit",1,0.2,0.8,0.9,0.157,10,0.028,10,0.178343949,"",9.075925926,7.93625,4.476,NA,NA,77.5227442855748,8.08393713444485,-2.815
"27","28/04/2022 09:01:04","KA10","Int","Kanyakumari",8.08416,77.5229,"144",9.5,4,15.9,4.56,72.68,"","nnyyynnyyn",85,15.66,5,4,11,5,"flfr","Red and green leaves, red stem, spiky fruit",1,0.8,2.2,0.5,0.181,10,0.01,10,0.055248619,"",9.128787879,8.12266666666667,7.991,NA,NA,77.5227442855748,8.08393713444485,-2.815
"28","28/04/2022 09:09:10","KA15","Int","Kanyakumari",8.08403,77.523,"155",10,4,13.04,3.76,49.48,"","nnnnnnynny",81,15.51,5,3,5,5,"flfr","Red stems, green and red leaves, spiky fruit",1,0.6,1,0.2,0.164,10,0.024,10,0.146341463,"",8.79375,6.408,6.084,NA,NA,77.5227442855748,8.08393713444485,-2.815
"29","28/04/2022 09:19:18","KA11","Int","Kanyakumari",8.08404,77.52301,"140",9.5,4,12.8,3.82,49.604,"","yyyynynnnn",35,15.42,6,1,9,6,"flfr","Green and red leaves, red stem, spiny fruit",1,0.166666667,1.5,0.5,NA,NA,NA,NA,NA,NA,11.81666667,8.04633333333333,4.9425,NA,NA,77.5227442855748,8.08393713444485,-2.815
"30","28/04/2022 09:33:59","KA12","Int","Kanyakumari",8.08398,77.52307,"100",7,1,14.06,4.76,69.454,"","nnnnyyyyny",29,15.78,4,1,6,4,"fr","Red stem, green and red leaves, spiky",1,0.25,1.5,0.5,NA,NA,NA,NA,NA,NA,35.625,6.31033333333333,3.908,NA,NA,77.5227442855748,8.08393713444485,-2.815
"31","28/04/2022 09:45:37","KA13","Int","Kanyakumari",8.08393,77.52308,"174",10.5,5,12.72,3.92,54.296,"","nnyyyyynnn",76,15.59,6,1,5,6,"flfr","Red stem, green and red leaves, spiky",1,0.166666667,0.833333333,0.5,0.199,10,0.012,10,0.060301508,"",7.714285714,5.624,4.582,NA,NA,77.5227442855748,8.08393713444485,-2.815
"32","28/04/2022 10:05:46","KA14","Int","Kanyakumari",8.0837,77.52298,"124",9,2,16.24,5.54,90.84,"","ynnnyyyyny",28,15.33,4,1,5,4,"flfr","Red stems, Green and red leaves, spiky",1,0.25,1.25,0.6,0.155,2,0,2,0,"",14.95833333,8.3155,4.469,NA,NA,77.5227442855748,8.08393713444485,-2.815
"33","07/05/2022 08:17:18","AL01","Int","Aligarh",27.8943,78.03503,"255",13,6,4.64,1.86,8.688,"","ynnynyynyn",0,NA,11,2,0,7,"v","Green leaves, red stem",1.571428571,0.285714286,0,0.5,NA,NA,NA,NA,NA,NA,1,1.34133333333333,1.288,0.124635,NA,78.0347639855288,27.8948989816165,3.11499
"34","07/05/2022 08:30:25","AL02","Int","Aligarh",27.8941,78.03496,"Calibrated",11.5,9,6.84,3.1,21.39,"","yyyynynnnn",0,NA,5,17,2,4,"v","Green leaves, green stems",1.25,4.25,0.5,0.5,NA,NA,NA,NA,NA,NA,4.555555556,3.97525,2.4615,0.73385975,NA,78.0347639855288,27.8948989816165,3.11499
"35","07/05/2022 08:41:27","AL03","Int","Aligarh",27.89426,78.03502,"133",24,5,10.32,4.9,51.516,"","yyyyyyyynny",12,15.33333333,8,9,11,6,"flfr","Green leaves, red stems, spiky",1.333333333,1.5,1.833333333,0.8,NA,NA,NA,NA,NA,NA,1.25,4.3165,4.28,0.6099765,0.715546,78.0347639855288,27.8948989816165,3.11499
"36","07/05/2022 08:59:42","AL04","Int","Aligarh",27.89446,78.03477,"123",7,1,9.64,4.36,43.512,"","yyyyyyyyyy",3,13.43333333,2,2,0,1,"fr","Green leaves, red stems, spiky fruits",2,2,0,1,NA,NA,NA,NA,NA,NA,2.805555556,4.48533333333333,2.67133333333333,NA,NA,78.0347639855288,27.8948989816165,3.11499
"37","07/05/2022 09:10:06","AL05","Int","Aligarh",27.89446,78.03472,"Calibrated",16,8,11.26,4.68,55.37,"","yyyyyynnyy",0,NA,7,1,1,6,"v","Green leaves, red stem",1.166666667,0.166666667,0.166666667,0.8,0.11,3,0.003333333,3,0.030303027,"",1,4.066,NA,0.734599,NA,78.0347639855288,27.8948989816165,3.11499
"38","07/05/2022 09:22:56","AL06","Int","Aligarh",27.89445,78.03458,"105",6.5,3,7.4,2.68,20.272,"","ynyynnnyyy",1,14.4,7,2,0,7,"fr","Green leaves, red stem, spiky",1,0.285714286,0,0.6,NA,NA,NA,NA,NA,NA,1.8,NA,1.65,NA,0.34356,78.0347639855288,27.8948989816165,3.11499
"39","07/05/2022 12:06:54","AL07","Int","Aligarh",27.89946,78.03461,"158",9.4,3,8.02,3.6,29.194,"","nnnnnnnyyn",0,NA,13,7,8,11,"v","Green leaves, red stem",1.181818182,0.636363636,0.727272727,0.2,NA,NA,NA,NA,NA,NA,1.166666667,4.882,2.953,0.614875,NA,78.0347639855288,27.8948989816165,3.11499
"40","08/05/2022 08:35:51","AL08","Int","Aligarh",27.89454,78.03459,"140",11.9,4,10.76,5.28,58.486,"","yyyyyyyyyy",0,NA,12,12,17,6,"v","Green leaves, red stems",2,2,2.833333333,1,NA,NA,NA,NA,NA,NA,1.444444444,4.3635,1.442,NA,NA,78.0347639855288,27.8948989816165,3.11499
"41","08/05/2022 08:47:50","AL09","Int","Aligarh",27.89455,78.03458,"135",7.5,3,8.88,4.06,36.25,"","yyyynyyyyn",29,15.73,3,9,7,3,"flfr","Green leaves, red stem, spiky fruits",1,3,2.333333333,0.8,0.153333333,3,0.006666667,3,0.043478263,"",1.75,2.47,2.586,0.453033,0.459033,78.0347639855288,27.8948989816165,3.11499
"42","08/05/2022 08:56:39","AL10","Int","Aligarh",27.89455,78.03458,"64",6.8,1,7.96,3.72,30.164,"","yyynyynyyy",0,NA,6,4,1,6,"v","Green leaves red stem (ur mum)",1,0.666666667,0.166666667,0.8,NA,NA,NA,NA,NA,NA,1,1.475,NA,0.1596,NA,78.0347639855288,27.8948989816165,3.11499
"43","08/05/2022 09:05:10","AL11","Int","Aligarh",27.89441,78.03478,"Calibrated",17.3,8,7.44,3.46,25.824,"","yyynnnyyyy",0,NA,12,11,8,8,"v","Green leaves, red stem",1.5,1.375,1,0.7,NA,NA,NA,NA,NA,NA,1.2,2.68766666666667,1.26333333333333,NA,NA,78.0347639855288,27.8948989816165,3.11499
"44","14/05/2022 09:48:06","BA01","Int","Bangalore",13.0663,77.53148,"131",8,0,13.16,5.54,73.78,"","ynnnyyynny",36,14.54,6,5,24,5,"fr","Red stem, g green leaves, spiky",1.2,1,4.8,0.5,0.149,10,0.008,10,0.053691275,"Fungus",3.140196078,NA,NA,NA,NA,77.5321263156133,13.0663236721163,0.6754
"45","14/05/2022 09:58:38","BA02","Int","Bangalore",13.06639,77.53149,"149",9.5,3,12.26,6.22,83.022,"","nnnnynyyyy",0,NA,10,20,16,5,"v","Red stem, green leaves",2,4,3.2,0.5,NA,NA,NA,NA,NA,NA,5.50952381,NA,NA,NA,NA,77.5321263156133,13.0663236721163,0.6754
"46","14/05/2022 10:28:33","BA03","Int","Bangalore",13.06674,77.53174,"105",6,0,11.76,5.84,83.3,"","yyyyyyyyyyy",0,NA,3,2,3,2,"v","Green stem, green leaves",1.5,1,1.5,1,NA,NA,NA,NA,NA,NA,1.111111111,NA,NA,NA,NA,77.5321263156133,13.0663236721163,0.6754
"47","14/05/2022 10:42:53","BA04","Int","Bangalore",13.0666,77.53183,"136",7.5,1,19.38,8.16,159.034,"","nnyynnnnnyy",0,NA,4,7,9,4,"v","Green stem, green leaves",1,1.75,2.25,0.3,0.112,10,0.005,10,0.044642857,"Fungus",1.61,NA,NA,NA,NA,77.5321263156133,13.0663236721163,0.6754
"48","14/05/2022 10:52:24","BA05","Int","Bangalore",13.06662,77.53188,"158",9,3,9.44,4.68,47.144,"","nyyynyyyynnyy",0,NA,4,4,3,4,"v","Green leaves green stem",1,1,0.75,0.7,NA,NA,NA,NA,NA,NA,1.3,NA,NA,NA,NA,77.5321263156133,13.0663236721163,0.6754
"49","14/05/2022 11:10:24","BA06","Int","Bangalore",13.06667,77.53194,"121",8,4,13.46,5.96,85.35,"","nnnnynyynny",0,NA,8,11,0,4,"v","Red stem, green leaves",2,2.75,0,0.3,NA,NA,NA,NA,NA,NA,1.222222222,NA,NA,NA,NA,77.5321263156133,13.0663236721163,0.6754
"50","15/05/2022 08:25:37","BA07","Int","Bangalore",13.0664,77.53241,"94",10,1,12.76,5.62,76.966,"","yyyyyyyyyyyyyyy",0,NA,5,6,0,5,"v","Green leaves, green stem",1,1.2,0,1,NA,NA,NA,NA,NA,NA,1.376666667,4.1395,NA,1.247103,NA,77.5321263156133,13.0663236721163,0.6754
"51","15/05/2022 08:43:51","BA08","Int","Bangalore",13.0664,77.53241,"164",12.5,5,18.42,8.02,155.672,"","nnnnnnyynnn",4,12.85,8,11,15,4,"flfr","Green leaves and stem",2,2.75,3.75,0.2,0.135,8,0.00625,8,0.046296296,"Fungus",1.248484848,5.2615,2.969,NA,NA,77.5321263156133,13.0663236721163,0.6754
"52","15/05/2022 08:56:29","BA09","Int","Bangalore",13.06652,77.53195,"Calibrated",15,4,18.125,9.233333333,181.8033333,"","yyyyyyyyyyyyyyy",12,12.49,4,2,10,2,"flfr","Green leaves red stem spiky fruit",2,1,5,1,NA,NA,NA,NA,NA,NA,1.277777778,6.47433333333333,3.36733333333333,NA,NA,77.5321263156133,13.0663236721163,0.6754
"53","15/05/2022 09:07:25","BA10","Int","Bangalore",13.06631,77.53217,"140",9,6,13.04,5,69.322,"","yyyynnyyyyyn",0,NA,8,9,8,4,"fl","Green leaves and stem",2,2.25,2,0.8,0.11,2,0.005,2,0.045454545,"Fungus",1.855,NA,NA,NA,NA,77.5321263156133,13.0663236721163,0.6754
"54","15/05/2022 09:20:47","BA11","Int","Bangalore",13.06626,77.53221,"Calibrated",9,2,13.44,4.46,70.786,"","nyynnnnyyn",0,NA,6,11,3,4,"fl","Red stem , green leaves",1.5,2.75,0.75,0.4,0.115,10,0.005,10,0.043478261,"Fungus",2.241666667,NA,NA,NA,NA,77.5321263156133,13.0663236721163,0.6754
"55","16/05/2022 08:00:26","BA12","Int","Bangalore",13.06626,77.53225,"160",10.9,3,15.46,5.68,104.878,"","yyyyyyyynnyy",13,15.54,8,11,5,4,"flfr","Red stem, green leaves",2,2.75,1.25,0.8,0.1325,4,0.005,4,0.037735849,"Fungus",1.844444444,6.1445,3.02,NA,NA,77.5321263156133,13.0663236721163,0.6754
"56","16/05/2022 08:13:42","BA13","Int","Bangalore",13.06627,77.53244,"102",7,5,14.28,5.7,84.07,"","nnnnnnyyynnn",5,14.24,6,4,7,4,"flfr","Green leaves and green stems",1.5,1,1.75,0.3,NA,NA,NA,NA,NA,NA,6.065,4.1365,2.794,NA,NA,77.5321263156133,13.0663236721163,0.6754
"57","16/05/2022 08:35:50","BA14","Int","Bangalore",13.06617,77.53233,"148",13.5,7,17.56,7.5,133.828,"","nnnnnnnyyy",31,14.37,8,8,12,4,"flfr","Green leaves red stem spiky fruit",2,2,3,0.3,NA,NA,NA,NA,NA,NA,20.41666667,5.061,3.38533333333333,NA,NA,77.5321263156133,13.0663236721163,0.6754
"58","16/05/2022 08:46:50","BA15","Int","Bangalore",13.06613,77.53233,"118",9,4,13.78,5.2,76.512,"","yyynnyyynny",0,NA,8,11,5,4,"v","Green leaves and stem",2,2.75,1.25,0.6,NA,NA,NA,NA,NA,NA,8.6,5.71275,3.984,1.902959,NA,77.5321263156133,13.0663236721163,0.6754
"59","16/05/2022 09:01:16","BA16","Int","Bangalore",13.06613,77.53236,"160",13,7,15.94,6.42,110.744,"","ynnnnyyyyny",11,14.53,9,13,11,5,"fr","Green leaves red stem spiky fruits",1.8,2.6,2.2,0.5,NA,NA,NA,NA,NA,NA,8.976190476,4.645,NA,1.809804,NA,77.5321263156133,13.0663236721163,0.6754
"60","16/05/2022 09:20:28","BA17","Int","Bangalore",13.06608,77.53231,"152",10.5,4,15.32,6.14,98.814,"","yynnyyynnn",9,15.28888889,12,22,29,5,"flfr","Green leaves red stem spiky fruits",2.4,4.4,5.8,0.5,NA,NA,NA,NA,NA,NA,9.904166667,6.38675,6.206,NA,NA,77.5321263156133,13.0663236721163,0.6754
"61","16/05/2022 09:35:27","BA18","Int","Bangalore",13.06623,77.5324,"Calibrated",12,5,15.98,6.82,113.656,"","nnnyynnynyn",25,15.02222222,8,11,7,4,"flfr","Green leaves and stem",2,2.75,1.75,0.4,0.15,8,0.002375,8,0.015833333,"Fungus",18.42708333,4.736,2.051,NA,NA,77.5321263156133,13.0663236721163,0.6754
"62","16/05/2022 09:49:19","BA19","Int","Bangalore",13.06608,77.5324,"144",13,6,14.62,4.86,74.466,"","yyyynynyyy",24,13.04,8,11,7,4,"fr","Green leaves red stem spiky fruits",2,2.75,1.75,0.8,0.102,10,0.004,10,0.039215686,"Fungus",10.34270833,3.7905,3.23766666666667,NA,NA,77.5321263156133,13.0663236721163,0.6754
"63","16/05/2022 09:56:05","BA20","Int","Bangalore",13.06599,77.53248,"",9,1,13.18,3.9,51.38,"","nyyyynyynny",0,NA,9,11,3,5,"fl","Green leaves, red stem",1.8,2.2,0.6,0.6,NA,NA,NA,NA,NA,NA,9.78125,6.05933333333333,5.255,NA,NA,77.5321263156133,13.0663236721163,0.6754
"64","25/05/2022 11:18:24","HY01","Int","Hyderabad",17.33046,78.43946,"Calibrated",13.5,3,14.42,5.14,91.184,"","yynnnynynn",38,13.76,12,19,44,5,"flfr","Green leaves and green stems",2.4,3.8,8.8,0.4,0.132,10,0.016,10,0.121212121,"",2.8,9.124,5.37866666666667,1.3827,1.28931483333333,78.4412136143704,17.3307499860609,-0.6686
"65","25/05/2022 11:30:57","HY02","Int","Hyderabad",17.3304,78.4394,"Calibrated",13,4,14.42,6.06,90.236,"","yyyyyyyyyyyyyyy",53,13.16,5,24,47,6,"flfr","Green leaves green stem spiny fruit",0.833333333,4,7.833333333,1,0.1125,4,0.0025,4,0.022222222,"",1.302083333,NA,4.832,NA,1.0205895,78.4412136143704,17.3307499860609,-0.6686
"66","25/05/2022 11:43:42","HY03","Int","Hyderabad",NA,78.43946,"147",9,7,11.62,5.66,74.73,"","yyyyyyyyyyy",0,NA,10,22,12,5,"v","Green stem, green leaves",2,4.4,2.4,1,0.035,2,0,2,0,"",3,5.2215,3.588,0.150612,0.86348375,78.4412136143704,17.3307499860609,-0.6686
"67","25/05/2022 11:58:21","HY04","Int","Hyderabad",17.33046,78.43949,"164",9,10,10.94,5.32,61.378,"","yyyyyyyyyyyyyy",0,NA,14,51,41,7,"v","Green leaves and green stem",2,7.285714286,5.857142857,1,NA,NA,NA,NA,NA,NA,6.816666667,7.321,4.639,NA,0.827388,78.4412136143704,17.3307499860609,-0.6686
"68","25/05/2022 12:11:53","HY05","Int","Hyderabad",17.33046,78.43971,"Calibrated",13,4,19.5,7.92,157.97,"","yyyyyyyyyy",0,NA,4,8,14,2,"v","Green stems, green leaves",2,4,7,1,NA,NA,NA,NA,NA,NA,2.125,5.702,2.732,0.7476,1.2016785,78.4412136143704,17.3307499860609,-0.6686
"69","26/05/2022 09:42:20","HY06","Int","Hyderabad",17.33041,78.43961,"151",7.5,1,15.92,6.78,112.776,"","yyyyyyyyyyy",0,NA,6,16,2,3,"v","Green leaves and stem",2,5.333333333,0.666666667,1,NA,NA,NA,NA,NA,NA,41,NA,NA,NA,NA,78.4412136143704,17.3307499860609,-0.6686
"70","26/05/2022 09:52:31","HY07","Int","Hyderabad",17.33055,78.43965,"Calibrated",13.5,4,14.52,5.04,73.768,"","yyyyyyynny",0,NA,10,11,14,5,"v","Green leaves and red stem",2,2.2,2.8,0.8,NA,NA,NA,NA,NA,NA,2.166666667,NA,NA,NA,NA,78.4412136143704,17.3307499860609,-0.6686
"71","26/05/2022 10:02:47","HY08","Int","Hyderabad",17.33054,78.44975,"120",6,4,10.74,4.18,49.226,"","yyyyyyyyyyyyyy",0,NA,11,8,13,8,"v","Red stem green leaves",1.375,1,1.625,1,NA,NA,NA,NA,NA,NA,2.297916667,NA,NA,NA,NA,78.4412136143704,17.3307499860609,-0.6686
"72","26/05/2022 10:34:28","HY09","Int","Hyderabad",17.33073,78.44084,"156",7.3,4,10.1,3.32,34.19,"","yyyyyyyyyy",32,12.1,6,5,8,6,"fr","Red stem green leaves",1,0.833333333,1.333333333,1,NA,NA,NA,NA,NA,NA,10.77083333,6.159,NA,1.314,NA,78.4412136143704,17.3307499860609,-0.6686
"73","27/05/2022 10:07:16","HY11","Int","Hyderabad",17.33122,78.44124,"164",7.5,3,19.18,6.76,131.8,"","yyyyynnyyn",33,12.61,3,1,23,3,"flfr","Red stem, green leaves",1,0.333333333,7.666666667,0.7,NA,NA,NA,NA,NA,NA,1.916666667,NA,2.743,NA,0.5152825,78.4412136143704,17.3307499860609,-0.6686
"74","27/05/2022 10:17:08","HY14","Int","Hyderabad",17.33125,78.44132,"87",6,2,12.44,4.44,56.256,"","yynnnnnnnn",17,11.95,4,1,2,4,"flfr","Red stem, green leaves",1,0.25,0.5,0.2,NA,NA,NA,NA,NA,NA,2.816666667,5.2195,2.815,1.97505,0.6845985,78.4412136143704,17.3307499860609,-0.6686
"75","27/05/2022 10:27:45","HY13","Int","Hyderabad",17.33124,78.4416,"90",5.5,2,16.82,7.54,137.636,"","yyyyyyyyyy",0,NA,7,4,16,5,"v","Green stem, green leaves",1.4,0.8,3.2,1,NA,NA,NA,NA,NA,NA,2.473333333,NA,NA,NA,NA,78.4412136143704,17.3307499860609,-0.6686
"76","27/05/2022 10:37:31","HY12","Int","Hyderabad",17.33086,78.441827,"120",7.5,7,10.06,3.36,35.798,"","yyyyynnyyy",53,11.94,10,17,14,6,"flfr","Red stem, green leaves",1.666666667,2.833333333,2.333333333,0.8,NA,NA,NA,NA,NA,NA,2.98,NA,NA,NA,NA,78.4412136143704,17.3307499860609,-0.6686
"77","27/05/2022 10:46:11","HY15","Int","Hyderabad",17.33117,78.44188,"167",9.5,10,13.06,4.36,58.606,"","yyyyyynnyyy",0,NA,6,5,23,4,"v","Red stem, green leave",1.5,1.25,5.75,0.8,NA,NA,NA,NA,NA,NA,2.375,5.2055,4.414,NA,1.5146815,78.4412136143704,17.3307499860609,-0.6686
"78","01/06/2022 10:50:48","HA01","Int","Hampi",15.33688,76.46204,"Calibrated",20,13,13.44,5.4,74.814,"","yyyyyyyyyy",300,16.06,8,0,7,4,"flfr","Chalky, green stem and leaves",2,0,1.75,1,0.14375,8,0.00625,8,0.043478261,"",0,NA,NA,NA,NA,76.4624406248847,15.3369624868548,-1.1211
"79","01/06/2022 11:04:00","HA02","Int","Hampi",15.33688,76.46204,"173",NA,NA,22.32,8.86,209.226,"","yyynnyynny",67,13.76,8,9,13,4,"fr","Green leaves, vibrant green stem, spiky fruits",2,2.25,3.25,0.6,NA,NA,NA,NA,NA,NA,1.568181818,NA,NA,NA,NA,76.4624406248847,15.3369624868548,-1.1211
"80","01/06/2022 11:13:35","HA03","Int","Hampi",15.3369,76.46191,"155",10,4,21.6,9,201.604,"","yyyyyyyynn",0,NA,4,4,5,2,"v","Green leaves, vibrant green stem",2,2,2.5,0.8,NA,NA,NA,NA,NA,NA,24.22222222,NA,NA,NA,NA,76.4624406248847,15.3369624868548,-1.1211
"81","02/08/2022 18:08:17","HA04","Int","Hampi",15.33695,76.46186,"167",6,0,28.36,12.12,350.056,"","nnyyyyyyyy",0,NA,3,3,7,1,"v","Green leaves, vibrant green stem",3,3,7,0.8,0.139,10,0.004,10,0.028776978,"",2.25,NA,NA,NA,NA,76.4624406248847,15.3369624868548,-1.1211
"82","02/08/2022 18:10:44","HA05","Int","Hampi",15.33696,76.46187,"146",8,0,19.12,7.66,147.934,"","yyyyyyyyyn",0,NA,6,9,30,3,"v","Green leaves, vibrant green stem",2,3,10,0.9,NA,NA,NA,NA,NA,NA,11.3952381,NA,NA,NA,NA,76.4624406248847,15.3369624868548,-1.1211
"83","02/08/2022 18:14:09","HA06","Int","Hampi",15.33696,76.46186,"Calibrated",16.5,6,19,8.84,169.17,"","yyyyyyyyyy",32,13.89,3,3,1,1,"flfr","Green leaves, chalky green stem",3,3,1,1,NA,NA,NA,NA,NA,NA,1.5,NA,NA,NA,NA,76.4624406248847,15.3369624868548,-1.1211
"84","02/08/2022 18:16:34","HA07","Int","Hampi",15.33697,76.4618,"129",7.5,0,20.86,9.1,208.786,"","yyyyyyyynn",0,NA,5,7,5,3,"fl","Vibrant green stem, green leaves",1.666666667,2.333333333,1.666666667,0.8,NA,NA,NA,NA,NA,NA,15.38888889,NA,NA,NA,NA,76.4624406248847,15.3369624868548,-1.1211
"85","02/08/2022 18:19:22","HA08","Int","Hampi",15.33699,76.46184,"96",6,0,16.26,6.54,108.282,"","yynnnnnnyy",14,13.86,6,3,7,3,"flfr","Green leaves, vibrant green stem",2,1,2.333333333,0.4,NA,NA,NA,NA,NA,NA,7.888888889,NA,NA,NA,NA,76.4624406248847,15.3369624868548,-1.1211
"86","05/08/2022 19:27:29","BH01","Int","Bhopal",22.22316,77.33863,"67",6.5,2,20.36,10.92,227.164,"","nnnyyyyyyy",0,NA,6,20,27,3,"v","chalky green",2,6.666666667,9,0.7,NA,NA,NA,NA,NA,NA,0,NA,NA,NA,NA,77.3800682242217,23.0899216976869,2.89652
"87","05/08/2022 19:29:41","BH02","Int","Bhopal",23.22317,77.38367,"107.5",7.5,2,19.9,9.42,191.24,"","yyyyyyyyyy",0,NA,8,20,9,4,"v","chalky green",2,5,2.25,1,NA,NA,NA,NA,NA,NA,1,NA,1.763,NA,0.9727385,77.3800682242217,23.0899216976869,2.89652
"88","05/08/2022 19:38:11","BH03","Int","Bhopal",23.22318,77.38368,"94",6.3,5,16.02,6.5,106.436,"","nnyyyyyyyy",0,NA,8,6,12,4,"v","CHALKY GREEN",2,1.5,3,0.8,NA,NA,NA,NA,NA,NA,0,NA,NA,NA,NA,77.3800682242217,23.0899216976869,2.89652
"89","05/08/2022 19:39:49","BH04","Int","Bhopal",23.22366,77.3834,"149",11.5,8,18.02,21,368.036,"","yyyyyyyyyy",0,NA,6,20,10,3,"v","CHALKY GREEN STEM",2,6.666666667,3.333333333,1,NA,NA,NA,NA,NA,NA,0,NA,4.253,NA,NA,77.3800682242217,23.0899216976869,2.89652
"90","05/08/2022 19:41:12","BH05","Int","Bhopal",23.22369,77.38356,"124",9,7,15.54,6.24,97.98,"","yyyyyyyyyy",0,NA,10,16,2,5,"v","CHALKY GREEN",2,3.2,0.4,1,NA,NA,NA,NA,NA,NA,0,NA,NA,NA,NA,77.3800682242217,23.0899216976869,2.89652
"91","05/08/2022 19:43:00","BH06","Int","Bhopal",23.2234,77.38379,"104",10,6,18.1,7.84,142.206,"","nnnnnyyyyy",0,NA,5,7,11,3,"v","CHALKY GREEN",1.666666667,2.333333333,3.666666667,0.5,NA,NA,NA,NA,NA,NA,1,NA,NA,NA,NA,77.3800682242217,23.0899216976869,2.89652
"92","05/08/2022 19:49:11","HA09","Int","Hampi",15.33709,76.46203,"152",8.5,5,17,6.46,113.708,"","ynyyyyyyyy",44,14.57,8,16,56,4,"flfr","Green leaves, vibrant green stem",2,4,14,0.9,0.097,10,0.001,10,0.010309278,"",1.270833333,NA,NA,NA,NA,76.4624406248847,15.3369624868548,-1.1211
"93","05/08/2022 19:52:21","HA10","Int","Hampi",15.33702,76.46206,"158",9,5,16.92,6.48,112.292,"","yynnnnnnnn",52,13.01,3,4,2,2,"flfr","Green leaves, vibrant green stem",1.5,2,1,0.2,0.108,5,0.004,5,0.037037037,"",5.733333333,NA,NA,NA,NA,76.4624406248847,15.3369624868548,-1.1211
"94","05/08/2022 19:55:11","HA11","Int","Hampi",15.33706,76.46902,"116",7.5,3,20.28,7.88,162.918,"","nnyyyyyyyy",20,12.26,6,10,19,3,"flfr","Vibrant green stem",2,3.333333333,6.333333333,0.8,NA,NA,NA,NA,NA,NA,31.48571429,NA,NA,NA,NA,76.4624406248847,15.3369624868548,-1.1211
"95","05/08/2022 20:01:28","HA12","Int","Hampi",15.33699,76.46201,"92",5.7,2,17.64,7.12,131.05,"","nyyyyyyyyy",0,NA,2,3,15,1,"fl","Green leaves, vibrant green stem",2,3,15,0.9,NA,NA,NA,NA,NA,NA,19.88888889,NA,NA,NA,NA,76.4624406248847,15.3369624868548,-1.1211
"96","05/08/2022 20:04:20","HA13","Int","Hampi",15.33696,76.46201,"131",10.5,4,23.1,10.42,246.316,"","nnyyyyyyyy",0,NA,2,6,21,1,"v","Green leaves, vibrant green stem",2,6,21,0.8,NA,NA,NA,NA,NA,NA,4.759259259,NA,NA,NA,NA,76.4624406248847,15.3369624868548,-1.1211
"97","05/08/2022 20:20:08","HA14","Int","Hampi",15.337,76.46195,"Calibrated",17.5,20,18.3,7.8,144.37,"","yyyyyyyyyy",100,15.16,2,3,2,2,"flfr","Green leaves, chalky green stem",1,1.5,1,1,NA,NA,NA,NA,NA,NA,0,NA,NA,NA,NA,76.4624406248847,15.3369624868548,-1.1211
"98","05/08/2022 20:22:20","HA15","Int","Hampi",15.337,76.46195,"157",8,2,17.44,7.66,141.28,"","yyyyyyyyyy",0,NA,8,16,25,4,"v","Green leaves, vibrant green stem",2,4,6.25,1,NA,NA,NA,NA,NA,NA,1.083333333,NA,NA,NA,NA,76.4624406248847,15.3369624868548,-1.1211
"99","05/08/2022 20:24:15","HA16","Int","Hampi",15.33688,76.46227,"170",7,4,10.12,4.74,50.55,"","yyyyyyyyyy",0,NA,6,3,0,3,"v","Green leaves, chalky green stem",2,1,0,1,NA,NA,NA,NA,NA,NA,0,NA,NA,NA,NA,76.4624406248847,15.3369624868548,-1.1211
"100","05/08/2022 20:27:07","HA17","Int","Hampi",15.33696,76.46242,"139",9,3,19.8,8.56,175.456,"","nnnnyyyyyy",0,NA,6,6,39,3,"v","Green leaves, vibrant green stem",2,2,13,0.6,NA,NA,NA,NA,NA,NA,0,NA,NA,NA,NA,76.4624406248847,15.3369624868548,-1.1211
"101","05/08/2022 20:30:09","HA18","Int","Hampi",15.33683,76.4621,"Calibrated",15,10,21.78,8.2,184.828,"","nnnyyyyyyy",0,NA,2,2,1,1,"v","Green leaves, chalky green stem",2,2,1,0.7,NA,NA,NA,NA,NA,NA,0,NA,NA,NA,NA,76.4624406248847,15.3369624868548,-1.1211
"102","05/08/2022 21:54:28","BH07","Int","Bhopal",23.22345,77.38384,"108",12,3,15.12,6.86,104.462,"","nnyyyyyyyy",0,NA,5,9,40,3,"v","chalky green",1.666666667,3,13.33333333,0.8,NA,NA,NA,NA,NA,NA,1,NA,2.961,NA,1.35366,77.3800682242217,23.0899216976869,2.89652
"103","05/08/2022 21:55:44","BH08","Int","Bhopal",22.22356,77.38382,"139",12,4,20.34,8.74,179.008,"","yyyyyyyyyy",0,NA,5,18,14,3,"v","CHALKY GREEN",1.666666667,6,4.666666667,1,NA,NA,NA,NA,NA,NA,0,NA,NA,NA,NA,77.3800682242217,23.0899216976869,2.89652
"104","05/08/2022 21:56:58","BH09","Int","Bhopal",23.22352,77.38404,"77",14,6,12.34,5.04,62.582,"","nnnnnnnyyy",0,NA,5,9,40,3,"v","CHALKY GREEN",1.666666667,3,13.33333333,0.3,NA,NA,NA,NA,NA,NA,2.444444444,NA,NA,NA,NA,77.3800682242217,23.0899216976869,2.89652
"105","05/08/2022 21:58:33","BH10","Int","Bhopal",23.22359,77.38407,"139",9,8,17.58,6.74,118.998,"","nnnyyyyyyy",0,NA,8,15,9,4,"v","CHALKY GREEN",2,3.75,2.25,0.7,NA,NA,NA,NA,NA,NA,0,NA,4.372,NA,1.0874745,77.3800682242217,23.0899216976869,2.89652
"106","05/08/2022 21:59:33","BH11","Int","Bhopal",23.22357,77.38389,"129",8,0,18,9.12,164.546,"","yyyyyyyyyy",0,NA,8,8,5,4,"v","CHALKY GREEN",2,2,1.25,1,NA,NA,NA,NA,NA,NA,0,NA,NA,NA,NA,77.3800682242217,23.0899216976869,2.89652
"107","05/08/2022 22:00:40","BH12","Int","Bhopal",23.22356,77.38384,"100",5.5,0,18.76,8.72,168.322,"","yyyyyyyyyy",0,NA,2,6,0,1,"v","CHALKY GREEN",2,6,0,1,NA,NA,NA,NA,NA,NA,0,NA,NA,NA,NA,77.3800682242217,23.0899216976869,2.89652
"108","05/08/2022 22:01:40","BH13","Int","Bhopal",23.22355,77.38381,"128",9,7,17.42,8.04,143.726,"","yyyyyyyyyy",0,NA,6,0,0,3,"v","CHALKY GREEN",2,0,0,1,NA,NA,NA,NA,NA,NA,0,NA,NA,NA,NA,77.3800682242217,23.0899216976869,2.89652
"109","05/08/2022 22:02:46","BH14","Int","Bhopal",23.22356,77.38382,"100",8.5,0,17.28,6.9,123.76,"","nnyyyyyyyy",0,NA,2,3,0,1,"v","CHALKY GREEN",2,3,0,0.8,NA,NA,NA,NA,NA,NA,1,6.354,NA,2.694068,NA,77.3800682242217,23.0899216976869,2.89652
"110","05/08/2022 22:04:07","BH15","Int","Bhopal",23.22351,77.38382,"120",8.5,0,21.14,8.58,188.222,"","nnnnyyyyyy",0,NA,2,2,0,2,"v","CHALKY GREEN",1,1,0,0.6,NA,NA,NA,NA,NA,NA,1,NA,NA,NA,NA,77.3800682242217,23.0899216976869,2.89652
"111","05/08/2022 22:05:34","RA01","Int","Ramnagar",29.32794,79.05119,"135",11,7,13.38,5.5,76.294,"","nnnyyyyyyy",0,NA,4,6,3,4,"v","GREEN LEAVES AND STEM",1,1.5,0.75,0.7,NA,NA,NA,NA,NA,NA,1.583333333,NA,NA,NA,NA,79.0583333107402,29.3310124864467,-1.16525
"112","05/08/2022 22:08:02","RA02","Int","Ramnagar",29.32773,79.05106,NA,12,9,13.04,5.02,66.71,"","yyyyyyyyyy",0,NA,5,12,11,4,"v","GREEN LEAVES AND STEM",1.25,3,2.75,1,0.143636364,11,0.004545455,11,0.031645573,"",0,NA,NA,NA,NA,79.0583333107402,29.3310124864467,-1.16525
"113","05/08/2022 22:09:15","RA03","Int","Ramnagar",29.32773,79.05106,"159",11,10,15.4,5.34,84.756,"","yyyyyyyyyy",0,NA,4,9,6,3,"v","GREEN LEAVES AND RED STEM",1.333333333,3,2,1,0.143,10,0.002,10,0.013986014,"",3.642857143,NA,NA,NA,NA,79.0583333107402,29.3310124864467,-1.16525
"114","05/08/2022 22:10:37","RA04","Int","Ramnagar",29.32744,79.05065,"148",7,0,13.2,5.12,68.13,"","yyyyyyyyyy",0,NA,5,13,5,4,"v","GREEN LEAVES AND RED STEM",1.25,3.25,1.25,1,NA,NA,NA,NA,NA,NA,5.791666667,NA,NA,NA,NA,79.0583333107402,29.3310124864467,-1.16525
"115","05/08/2022 22:12:00","RA05","Int","Ramnagar",29.32774,79.05065,"92",5,0,11.8,4.7,56.518,"","yyyyyyyyyy",0,NA,3,13,7,3,"v","RED STEM AND GREEN LEAVES",1,4.333333333,2.333333333,1,NA,NA,NA,NA,NA,NA,7.916666667,NA,NA,NA,NA,79.0583333107402,29.3310124864467,-1.16525
"116","05/08/2022 22:13:00","RA06","Int","Ramnagar",29.32679,79.04984,"144",12,7,15.2,5.6,85.78,"","yyyyyyyyyy",0,NA,4,14,0,4,"v","RED STEM GREEN LEAVES",1,3.5,0,1,NA,NA,NA,NA,NA,NA,2.5,NA,NA,NA,NA,79.0583333107402,29.3310124864467,-1.16525
"117","05/08/2022 22:14:10","RA07","Int","Ramnagar",29.32689,79.04987,"112",7.5,2,10.26,4.54,50.12,"","nyyyyyyyyy",0,NA,6,19,3,4,"v","RED STEM AND GREEN LEAVES",1.5,4.75,0.75,0.9,NA,NA,NA,NA,NA,NA,2.706666667,NA,NA,NA,NA,79.0583333107402,29.3310124864467,-1.16525
"118","05/08/2022 22:15:09","RA08","Int","Ramnagar",29.32687,79.04984,"135",9,5,8.38,3.72,31.01,"","yyyyyyyyyy",0,NA,3,7,2,3,"v","RED STEM AND GREEN LEAVE",1,2.333333333,0.666666667,1,NA,NA,NA,NA,NA,NA,1.5,NA,NA,NA,NA,79.0583333107402,29.3310124864467,-1.16525
"119","05/08/2022 22:16:17","RA09","Int","Ramnagar",29.32674,79.0496,"128",7,0,24.9,9.96,253.306,"","yyyyyyyyyy",0,NA,2,7,3,1,"v","RED STEM AND GREEN LEAVES",2,7,3,1,NA,NA,NA,NA,NA,NA,53.33333333,NA,NA,NA,NA,79.0583333107402,29.3310124864467,-1.16525
"120","05/08/2022 22:17:54","RA10","Int","Ramnagar",29.32661,79.04955,"Calibrated",10.1,5,20.22,8.44,175.66,"","nyyyyyyyyy",0,NA,4,9,4,3,"v","RED AND GREEN LEAVES",1.333333333,3,1.333333333,0.9,NA,NA,NA,NA,NA,NA,2.311111111,NA,NA,NA,NA,79.0583333107402,29.3310124864467,-1.16525
"121","05/08/2022 22:19:16","RA11","Int","Ramnagar",29.32663,79.04952,"110",6.5,0,15.08,6.28,102.864,"","nyyyyyyyyy",0,NA,6,13,11,3,"v","GREEN LEAVES GREEN STEM",2,4.333333333,3.666666667,0.9,NA,NA,NA,NA,NA,NA,1,NA,NA,NA,NA,79.0583333107402,29.3310124864467,-1.16525
"122","01/09/2022 16:00:00","RM01","Int","Ramnagar",29.35682,79.08651,"152",6.5,0,25.2,10.66,269.908,"","yynnnnnnnn",0,NA,2,4,6,1,"v","Green chalky",2,4,6,0.2,NA,NA,NA,NA,NA,NA,14.9375,NA,NA,NA,NA,79.0583333107402,29.3310124864467,-1.16525
"123","02/09/2022 09:42:59","RM10","Int","Ramnagar",29.35,79.08,"189",8.5,2,31.2,13.8,440.5,"","yyyyyyynnn",0,NA,2,3,8,1,"v","Chalky green",2,3,8,0.7,NA,NA,NA,NA,NA,NA,0,NA,NA,NA,NA,79.0583333107402,29.3310124864467,-1.16525
"124","02/09/2022 09:51:43","RM02","Int","Ramnagar",29.35,79.08,"120",5,1,26.68,10.88,295.528,"","yyyyyyyyyy",0,NA,3,4,9,1,"v","Chalky green ",3,4,9,1,NA,NA,NA,NA,NA,NA,6.1,NA,NA,NA,NA,79.0583333107402,29.3310124864467,-1.16525
"125","02/09/2022 10:38:26","RM03","Int","Ramnagar",29.35,79.09,"120",5.3,1,27,10.7,294.5,"","yyyynnnyyn",0,NA,2,2,17,1,"v"," Chalky green ",2,2,17,0.6,NA,NA,NA,NA,NA,NA,0,NA,NA,NA,NA,79.0583333107402,29.3310124864467,-1.16525
"126","02/09/2022 10:46:16","RM04","Int","Ramnagar",29.35,79.08,"118",6.5,2,22.06,9.06,200.688,"","yyynnnnnyy",0,NA,2,5,14,1,"v","Chalky green ",2,5,14,0.5,NA,NA,NA,NA,NA,NA,4.625,NA,NA,NA,NA,79.0583333107402,29.3310124864467,-1.16525
"127","02/09/2022 10:51:10","RM05","Int","Ramnagar",29.28,79.03,"156",3.6,1,18,6.64,121.188,"","yyyyyyynnny",0,NA,1,4,9,1,"v","Chalky green ",1,4,9,0.7,NA,NA,NA,NA,NA,NA,4.625,NA,NA,NA,NA,79.0583333107402,29.3310124864467,-1.16525
"128","02/09/2022 10:56:32","RM06","Int","Ramnagar",29.28,79.03,"167",6.4,1,25.88,9.14,236.85,"","yyyyyyyyyy",0,NA,2,3,14,1,"v","Chalky green ",2,3,14,1,NA,NA,NA,NA,NA,NA,1.25,NA,NA,NA,NA,79.0583333107402,29.3310124864467,-1.16525
"129","02/09/2022 11:02:33","RM07","Int","Ramnagar",29.28,79.03,"187",7,2,29.1,12.52,364.83,"","yyynnnnnyy",0,NA,2,3,8,2,"v","Chalky green ",1,1.5,4,0.5,NA,NA,NA,NA,NA,NA,8.425,NA,NA,NA,NA,79.0583333107402,29.3310124864467,-1.16525
"130","02/09/2022 11:13:15","RM08","Int","Ramnagar",29.28,79.03,"100.5",8.5,3,24.1,7.4,184.46,"","nnyyyyyyyy",0,NA,6,8,27,3,"v","Chalky green ",2,2.666666667,9,0.8,NA,NA,NA,NA,NA,NA,0,NA,NA,NA,NA,79.0583333107402,29.3310124864467,-1.16525
"131","02/09/2022 11:23:00","RM09","Int","Ramnagar",29.357,79.08677,"190",4.5,2,26.84,10.42,281.25,"","yyyyyyyyyy",0,NA,6,8,32,3,"v","Chalky green",2,2.666666667,10.66666667,1,NA,NA,NA,NA,NA,NA,0,NA,NA,NA,NA,79.0583333107402,29.3310124864467,-1.16525
"132","15/09/2022 00:20:02","KO01","Int","Koradi",21.2496,79.0841,"Calibrated",16.6,9,8.74,3.78,35.238,"","yyyynyynny",0,NA,11,14,45,4,NA,"",2.75,3.5,11.25,0.7,NA,NA,NA,NA,NA,NA,2.166666667,2.1125,NA,0.5995625,NA,79.0837385700643,21.2502364138223,-0.5959
"133","15/09/2022 00:25:36","KO02","Int","Koradi",21.2497,79.084,"143",14,6,8.56,3.5,30.504,"","nnynyyynny",19,15.76,11,10,3,9,"fr","",1.222222222,1.111111111,0.333333333,0.5,0.182,5,0.01,5,0.054945055,"",1.625,NA,NA,NA,NA,79.0837385700643,21.2502364138223,-0.5959
"134","15/09/2022 00:27:44","KO03","Int","Koradi",21.2498,79.0839,"73",7.9,4,9.58,3.76,38.624,"","nynnyyynyy",0,NA,5,2,1,4,"fl","Green spiky",1.25,0.5,0.25,0.6,NA,NA,NA,NA,NA,NA,1,3.154,NA,NA,NA,79.0837385700643,21.2502364138223,-0.5959
"135","15/09/2022 00:33:37","KO09","Int","Koradi",21.2504,79.0835,"222",8,NA,5.48,1.96,11.368,"","yyyyyyynnn",15,12.95,5,2,2,4,"flfr","Green, spiny",1.25,0.5,0.5,0.7,0.113333333,3,0.013333333,3,0.117647056,"",2.638888889,3.08,NA,0.4582,NA,79.0837385700643,21.2502364138223,-0.5959
"136","15/09/2022 00:35:53","KO08","Int","Koradi",21.2505,79.0835,"94",5.4,NA,6.44,2.4,15.824,"","yynnynyyyn",0,NA,11,15,6,6,"v","Green",1.833333333,2.5,1,0.6,NA,NA,NA,NA,NA,NA,6.6375,NA,NA,NA,NA,79.0837385700643,21.2502364138223,-0.5959
"137","15/09/2022 00:39:15","KO11","Int","Koradi",21.2501,79.0837,"97",13.2,4,8.72,3.26,28.828,"","yyyyyyyyyn",0,NA,9,20,2,20,"fl","Green, spiky",0.45,1,0.1,0.9,NA,NA,NA,NA,NA,NA,2.722222222,NA,NA,NA,NA,79.0837385700643,21.2502364138223,-0.5959
"138","15/09/2022 00:55:35","KO10","Int","Koradi",21.2503,79.0836,"64.5",6.5,4,8.16,3.58,29.98,"","yynyyyyyny",6,13.64,23,24,32,13,"flfr","Green, spiky",1.769230769,1.846153846,2.461538462,0.8,0.189,10,0.008,10,0.042328042,"",0,NA,NA,NA,NA,79.0837385700643,21.2502364138223,-0.5959
"139","15/09/2022 00:58:52","KO13","Int","Koradi",21.2499,79.084,"48.5",8.6,9,6,2.34,14.262,"","yyyynyyyyy",5,12.66,7,8,2,7,"flfr","Green and spiky",1,1.142857143,0.285714286,0.9,0.14,3,0.05,3,0.357142857,"",1.3,NA,NA,NA,NA,79.0837385700643,21.2502364138223,-0.5959
"140","15/09/2022 01:00:50","KO12","Int","Koradi",21.25,79.0838,"78",5.5,3,8.6,3.06,28,"","nnyyyynyyy",2,14.7,8,15,4,5,"flfr","Green and spiky",1.6,3,0.8,0.7,0.13,1,0.01,1,0.076923077,"",1.527777778,5.264,NA,1.7898,1.19709,79.0837385700643,21.2502364138223,-0.5959
"141","15/09/2022 01:03:23","KO15","Int","Koradi",21.2498,79.0846,"152",8.2,3,7.54,2.82,22.682,"","yyyyynyyyy",18,14.03,7,11,8,7,"fr","Green and spiky",1,1.571428571,1.142857143,0.9,0.138,10,0.02,10,0.144927536,"",17.58333333,NA,NA,NA,NA,79.0837385700643,21.2502364138223,-0.5959
"142","15/09/2022 01:06:04","KO14","Int","Koradi",21.2499,79.0841,"105",9,8,11.76,4.26,51.87,"","yyyyynyyyy",8,14.21428571,10,15,15,6,"flfr","Green leaves spiky fruits",1.666666667,2.5,2.5,0.9,0.14,3,0.046666667,3,0.333333336,"",1.416666667,3.63,NA,NA,NA,79.0837385700643,21.2502364138223,-0.5959
"143","15/09/2022 05:57:53","SR01","Int","Srirangam",10.8622,78.6953,"131.4",5.1,2,13.28,3.92,54.608,"","nyyyyyyyyy",17,11.94,11,11,4,5,"flfr","green and spiky",2.2,2.2,0.8,0.9,0.11,5,0.004,5,0.036363636,"",0,NA,3.682,NA,0.415371,78.6954999993181,10.8622749892534,-0.02087
"144","15/09/2022 06:02:07","SR02","Int","Srirangam",10.8623,78.6954,"152",9.8,7,14.34,4.34,62.548,"","ynnnnyynyy",62,12.12,14,19,22,6,"fr","Green and spiky",2.333333333,3.166666667,3.666666667,0.5,NA,NA,NA,NA,NA,NA,1.439393939,4.979,NA,NA,NA,78.6954999993181,10.8622749892534,-0.02087
"145","15/09/2022 06:05:21","SR03","Int","Srirangam",10.8623,78.6957,"115.4",5.2,2,14.6,5.14,79.09,"","yyyynnnyyy",23,12.61,19,21,12,9,"fr","Green and spiky",2.111111111,2.333333333,1.333333333,0.7,0.121,10,0.01,10,0.082644628,"",11.41666667,0.692,1.5035,0.511014,0.192764,78.6954999993181,10.8622749892534,-0.02087
"146","15/09/2022 06:09:19","SR04","Int","Srirangam",10.8626,78.6954,"137.7",6.8,1,13.64,4.7,65.208,"","ynyyyyynnn",0,NA,20,32,32,8,"fl","Green, spiky",2.5,4,4,0.6,NA,NA,NA,NA,NA,NA,4.333333333,NA,NA,NA,NA,78.6954999993181,10.8622749892534,-0.02087
"147","15/09/2022 06:12:27","SR05","Int","Srirangam",10.8626,78.6954,"152.3",5.7,2,15.18,5.02,79.082,"","nnynnnyyny",39,12.37777778,22,40,28,11,"flfr","Green and spiky",2,3.636363636,2.545454545,0.4,0.138,10,0.004,10,0.028985507,"",6.642857143,3.67,NA,NA,NA,78.6954999993181,10.8622749892534,-0.02087
"148","15/09/2022 06:15:41","SR06","Int","Srirangam",10.8624,78.6953,"104.5",5.5,2,12.22,4.06,52.76,"","yynyyynyyy",23,10.32,20,30,3,7,"flfr","Green and spiky",2.857142857,4.285714286,0.428571429,0.8,0.141,10,0.003,10,0.021276596,"",9.8,NA,NA,NA,NA,78.6954999993181,10.8622749892534,-0.02087
"149","15/09/2022 06:18:48","SR07","Int","Srirangam",10.8626,78.6954,"183",12.2,9,15.36,4.4,71.136,"","yyyyyyyyyn",230,12.43,15,20,18,7,"flfr","Green and spiky",2.142857143,2.857142857,2.571428571,0.9,0.101111111,9,0.016666667,9,0.164835168,"",9.625,4.398,2.925,0.61625,0.539495,78.6954999993181,10.8622749892534,-0.02087
"150","15/09/2022 06:21:42","SR08","Int","Srirangam",10.8626,78.6954,"170",6,2,12.42,3.9,50.584,"","yyyyyynnny",5,NA,24,34,23,10,"fr","Flowers and fruits",2.4,3.4,2.3,0.7,0.10125,8,0.005,8,0.049382716,"",1,NA,NA,NA,NA,78.6954999993181,10.8622749892534,-0.02087
"151","15/09/2022 06:27:19","SR09","Int","Srirangam",10.8618,78.6958,"192",14,16,10.78,3.24,35.666,"","ynnnnnyyyn",40,14.6,15,21,20,8,"flfr","Green and spiky",1.875,2.625,2.5,0.4,NA,NA,NA,NA,NA,NA,32.79166667,NA,NA,NA,NA,78.6954999993181,10.8622749892534,-0.02087
"152","15/09/2022 06:32:19","SR10","Int","Srirangam",10.8617,78.6958,"207",13.8,37,9.78,2.5,24.676,"","ynnnyynnnn",144,13.1,15,30,12,10,"flfr","Green and spiky",1.5,3,1.2,0.3,0.107,10,0.013,10,0.121495327,"Monomorium ",22.70833333,NA,NA,NA,NA,78.6954999993181,10.8622749892534,-0.02087
"153","15/09/2022 06:36:08","SR11","Int","Srirangam",10.8617,78.6958,"145",7.4,5,9.3,2.92,27.836,"","nnnnynnnyn",36,13,18,40,15,11,"flfr","Green and spiky",1.636363636,3.636363636,1.363636364,0.2,0.107,10,0.011,10,0.102803738,"Monomorium ",35.45833333,2.5275,2.011,NA,0.545158,78.6954999993181,10.8622749892534,-0.02087
"154","15/09/2022 06:38:43","SR12","Int","Srirangam",10.8629,78.6953,"196",7.2,5,22.68,7.38,183.756,"","yynnyyynnn",40,13.9,14,25,33,6,"flfr","Green and spiky",2.333333333,4.166666667,5.5,0.5,NA,NA,NA,NA,NA,NA,18.45833333,3.09133333333333,2.528,NA,0.781724,78.6954999993181,10.8622749892534,-0.02087
